as_of,excess_baseline,excess_v2,excess_v3_original,excess_v3_tuned
2025-07-01,-0.006418834499960415,-0.002476661427987463,-0.012311675214936818,0.0007083285859377144
2025-07-08,-0.008804678480963946,-0.011170202164369643,0.011381040005183182,0.00024760379743327295
2025-07-15,0.004483800413026762,0.005312322778094909,-0.007507639031805621,0.010569696851099923
2025-07-22,-0.016495391587471618,-0.007591224069863841,0.007410309654759757,0.04288507290009835
2025-07-29,-0.003429572951098884,0.010749419484058345,0.011420939367193052,-0.009005455880052391
2025-08-05,-5.832832765857027e-06,-0.00830227323376584,0.007733181617129083,0.015998560488969395
2025-08-12,0.02834341418671342,-0.0006169988551227301,-0.0028743136062438154,0.04364828179397916
2025-08-19,-0.02042463158283177,-0.003938732928372449,-0.010683327138683522,-0.0038437688857773933
2025-08-26,-0.017621568050615672,-0.025674666599742286,-0.011082660213690382,0.009415909764498558
2025-09-02,0.011657499518694424,0.002455528729305536,-0.0351199947690168,-0.0488433697467843
2025-09-09,0.025288163618776505,0.014388806760189998,0.028176791482642766,0.061623977062792185
2025-09-16,-0.003438893176297495,0.005972284703039952,-0.004447148782295816,0.033230667039909956
2025-09-23,-0.019921741066496024,-0.0002499033693897368,-0.017090357706147984,0.005134111868760061
2025-09-30,-0.023513907033964013,0.007487147917794146,0.0013082012774940938,-0.027029911144361506
2025-10-15,-0.0021468419508269797,0.009945680076467863,0.00733750187166096,-0.005846646880644266
2025-10-22,-0.006506458508917415,-0.02672103454224478,-0.014269454411415985,0.03054446964169724
2025-10-29,-0.019473845203109,0.008796417114124426,0.006288876382857071,-0.021397374501745683
2025-11-05,-0.010070082140761886,-0.006581237947333338,-0.01751375613633581,-0.007915814762876738
2025-11-12,-0.006632581225207202,-0.01047792350148151,0.021645138716198394,0.0049744289808646355
2025-11-19,0.006908654852384644,0.0144704534212957,0.026638795078464013,-0.013779335045423252
2025-11-26,-0.011330295004909003,0.0028287646143336665,-0.0012869259679877364,-0.0012564702130549808
2025-12-03,0.0030174332878891673,0.01032510669856751,0.005607739789653048,0.019781412651316728
2025-12-10,-0.005792236622647858,-0.007790255392705472,-0.021673530197072414,-0.006055684159620749
2025-12-17,-0.017202622050162125,0.006076168369674048,0.00041314053786087324,0.030051821895166746
2025-12-24,-0.003216786567781729,-0.0077563558660094095,0.01989922519133499,0.019606790302512563
2025-12-31,0.009357863758113677,0.0283989210994801,0.009871143978351773,0.03781434003201707
2026-01-09,0.012721865517434199,-0.010378515965711724,-0.01302119360135153,0.018350457764949688
2026-01-16,0.014766063746384436,0.0008552824680750915,-0.011982566254579864,0.006258977696230565
2026-01-23,-0.00044917095586021957,-0.022608364579055615,-0.01561762886883969,-0.009192595055712842
2026-01-30,-0.009070280399264045,0.006121231673091566,0.02389798633509981,-0.006626808593284808
2026-02-06,-0.014419341605158826,0.002098385428275451,0.02331353903049957,0.01795998867223473
2026-02-13,0.041668000128610314,0.012222268553399744,0.005256244905285513,0.014207014333750392
2026-03-02,-0.017567628280924834,0.007494737785565565,0.012252478826690935,-0.015991841313489998
2026-03-09,0.013669321876922326,0.003946703047782597,0.013306894866190537,0.001007616834342145
2026-03-16,0.007703832354213805,-0.009251588592740362,-0.008982095896773415,-0.003790508270090892
2026-03-23,0.011046866060468133,0.00925887561245177,0.013102623106342415,0.011125725980545897
2026-03-30,0.011480280913789304,0.011097873448574089,-0.009715554273907523,-0.02728028693957516
2026-04-07,0.016186953986995614,0.025048913219764726,0.04068286544210216,0.037874454379047406
2026-04-14,0.005855998301750178,0.008198822795413105,0.0038188325204379613,0.006579480259287888
2026-04-21,0.020869912417905402,0.006001959504048755,-0.0072042324609106635,-0.001640745720750087
2026-04-28,-0.01984662169431614,0.025881454112719693,0.02817355645398824,0.036463968216503315
2026-05-08,-0.02554530277728099,-0.016911280209674195,-0.013383485390692944,0.001107818528375909
